<?xml version="1.0" encoding="UTF-8"?>
<metadata modelVersion="1.1.0">
  <groupId>com.github.barteksc</groupId>
  <artifactId>pdf-view-pager</artifactId>
  <version>1.0.5</version>
  <versioning>
    <latest>1.0.5</latest>
    <release>1.0.5</release>
    <versions>
      <version>1.0.0</version>
      <version>1.0.1</version>
      <version>1.0.2</version>
      <version>1.0.3</version>
      <version>1.0.4</version>
      <version>1.0.5</version>
    </versions>
    <lastUpdated>20201103110550</lastUpdated>
  </versioning>
</metadata>
